Item;kcal;nutr_protein;nutr_fat;nutr_cholesterol;nutr_unsatfat_poly;nutr_dha;nutr_epa;nutr_ala;nutr_la;nutr_unsatfat_mono;nutr_satfat;nutr_carb;nutr_starch;nutr_sugar;nutr_fib;nutr_fibs;nutr_fibi;nutr_ca;nutr_fe;nutr_mg;nutr_p;nutr_k;nutr_na;nutr_zn;nutr_vita;nutr_vitb1;nutr_vitb2;nutr_vitb3;nutr_vitb6;nutr_biotin_dtu;nutr_vitb9;nutr_vitb12;nutr_vitc;nutr_vitd;nutr_vite;nutr_alc;prot_animal;prot_plant;nutr_omega3;nutr_omega6;nutr_fat_trans
ALIMENT1;1,886498;0,248515;0,097248;0,625907;0,00569;0,00000658915;0,0000306584;0,000299876;0,003267698;0,045524;0,038821;0,003138;0,001925;0,001213;0,000965;0;0;0,126599;0,029725;0,268643;2,137043;3,651141;1,119772;0,053153;0,03157;0,000726;0,002417;0,042753;0,003539;0,0015;0,129342;0,019157;0,005234;0,000116;0,003854;0;0,248515;0;0,000267;0,003047;0,0052
ALIMENT10;2,583225;0,135883;0,170186;0,495414;0,033484;0,00000214286;0,0000221429;0,001425714;0,013066429;0,069213;0,057712;0,126876;0,105991;0,020884;0,009648;0,000767;0,003669;0,937524;0,016308;0,264556;1,821267;2,579073;4,762331;0,026656;0,431417;0,000839;0,001656;0,020491;0,001998;0,04;0,19322;0,009708;0,017431;0,000611;0,019791;0;0,117991;0,017891;0,000558;0,01142;0,00466
ALIMENT100;4,927084;0,091142;0,218106;0,00653;0,021056;0;0,000003125;0,002235;0,031078333;0,060767;0,121624;0,649572;0,583223;0,061854;0,027197;0,043153;0,119278;0,909544;0,028318;0,303989;1,285457;2,073777;9,866993;0,008139;0,083082;0,003976;0,002683;0,036762;0,001859;0,01;0,315033;0,001044;0,009099;0,000292;0,018875;0;0,00604;0,085103;0,004121;0,067106;0,00088
ALIMENT101;6,033601;0,190103;0,551994;0,005374;0,255192;0;0,000009375;0,010952273;0,168878182;0,213775;0,065515;0,076325;0,039691;0,035768;0,080144;0,051931;0,307694;0,860258;0,033192;1,742246;4,155758;6,430849;1,843265;0,030695;0,024612;0,005099;0,001651;0,058019;0,004465;0,4;1,142289;0;0,015216;0;0,085679;0;0;0,190103;0,011607;0,499537;0,00015
ALIMENT102;4;0;0;0;0;0;0;0;0;0;0;0,999;0;0,999;0;0;0;0,021;0,0006;0,015;0;0,02;0,018;0,0003;0;0;0;0;0;0;0;0;0;0;0;0;0;0;0;0;0
ALIMENT103;0,004;0,001;0;0;0;0;0;0;0;0;0;0;0;0;0;0;0;0,069;0,0002;0,0166;0,01;0,255;0,013;0,0009;0;0;0,0001;0,001;0;0;0,026;0;0;0;0;0;0;0,001;0;0;0
ALIMENT104;0;0;0;0;0;0;0;0;0;0;0;0;0;0;0;0;0;0,02;0,0008;0,01;0;0,09;0,01;0,0004;0,005;0,0001;0,00004;0;0;0;0,01;0;0;0;0,0004;0;0;0;0;0;0
ALIMENT105;0,008;0,0015;0,0002;0;0,00001;0;0;0;0;0,0001;0,00002;0;0;0;0;0;0;0,064;0,002;0,0644;0,02;0,51;0,0337;0,0004;0;0,0001;0,0007;0,0019;0,00001;0;0,01;0;0;0;0;0;0;0,0015;0;0,0000111;0
ALIMENT106;0,025;0,001;0,0006;0;0,0003;0;0;0;0;0;0,0003;0,004;0;0,004;0;0;0;0,033;0,0013;0,42;0,083;1,4;0,06;0,0009;0;0;0,0006;0,0244;0,00001;0;0,003;0;0,0007;0;0;0;0;0,001;0;0,000333;0
ALIMENT107;0,702;0,034;0,0142;0,045;0,00052;0;0;0;0;0,00419;0,00807;0,101;0,00531;0,0956;0,017;0;0,005427;0,971;0,00869;0,275;0,9;2,39;0,462;0,00498;0,1875;0,0008;0,0015;0,0036;0,0005;0,018;0,06;0,0085;0;0,0001;0,002;0;0,030219;0,003781;0,000105;0,000393;0,00078
ALIMENT108;0,425987;0,000501;0,000268;0;0;0;0;0;0;0;0;0,104882;0;0,104882;0;0;0;0,025046;0,000133;0,023103;0,099816;0,148141;0,042535;0,000118;0,002231;0,0000892;0,0000535;0,0000357;0,0000535;0;0,024988;0;0,049975;0;0,0000714;0;0;0,000501;0;0;0
ALIMENT109;0,010223;0,001018;0;0;0;0;0;0;0;0;0;0,000224;0;0,000224;0;0;0;0,03863;0,0000386;0,017653;0,0757;0,04063;0,049534;0,000106;0;0;0;0;0;0;0;0;0,004156;0;0;0;0,000509;0,000509;0;0;0
ALIMENT11;1,728044;0,252902;0,058614;3,965002;0,010746;0,000218235;0,000171176;0,000386364;0,006760909;0,010567;0,019921;0,039483;0,039215;0;0;0;0;0,070771;0,069591;0,216161;4,38197;3,439252;0,831576;0,08564;131,63;0,00206;0,030279;0,139728;0,008038;2,1;3,365309;0,656329;0,116393;0,004954;0,005623;0;0,252902;0;0,000432;0,01148;0,00215
ALIMENT110;0,430231;0,006043;0,001559;0;0,000372;0;0;0,00009;0,00012;0,000259;0,000246;0,093028;0,000000425;0,093027;0,001642;0,0015;0;0,123272;0,001912;0,107279;0,155789;1,701213;0,021753;0,000581;0,062574;0,000608;0,000186;0,002696;0,000465;0,016;0,222097;0;0,326338;0;0,00117;0;0;0,006043;0,0000401;0,000216;0
ALIMENT111;0,34892;0,0000569;0,0000234;0;0,00000165;0;0;0;0;0,0000011;0,000000908;0,086965;0;0,086965;0,00000935;0;0,0000469;0,003444;0,0000707;0,002445;0,001251;0,01774;0,001933;0,0000315;0,0002;0,00000468;0,00000165;0,0000209;0,00000523;0;0,001284;0;0,002093;0;0,00000605;0;0;0,0000569;0,000000313;0,000000635;0
ALIMENT112;0;0;0;0;0;0;0;0;0;0;0;0;0;0;0;0;0;0,170621;0;0,028031;0;0,009871;0,109563;0,000017;0;0;0;0;0;0;0;0;0;0;0;0;0;0;0;0;0
ALIMENT113;0;0;0;0;0;0;0;0;0;0;0;0;0;0;0;0;0;0,071;0;0,0082;0;0,005;0,0254;0,0001;0;0;0;0;0;0;0;0;0;0;0;0;0;0;0;0;0
ALIMENT114;0,704713;0,00115;0;0;0;0;0;0;0;0;0;0,007611;0;0,007611;0;0;0;0,070452;0,007925;0,081646;0,131718;0,970074;0,03214;0,001182;0;0,0000308;0,000196;0,000965;0,000274;0;0,007629;0;0;0;0;0,095664;0;0,00115;0;0;0
ALIMENT115;0,441979;0,004636;0;0;0;0;0;0;0;0;0;0,031138;0;0,031138;0;0;0;0,077195;0,002025;0,105602;0,209009;0,789893;0,073959;0,000401;0;0,000143;0,000367;0,006359;0,000467;0;0,070097;0,001255;0,021485;0;0;0,042715;0;0,004636;0;0;0
ALIMENT116;1,481715;0,000246;0,002976;0;0;0;0;0;0;0;0;0,134678;0;0,134678;0;0;0;0,071887;0,004405;0,078804;0,086391;0,647139;0,040419;0,001027;0;0,0000412;0,000186;0,000381;0,0000643;0;0,000588;0;0;0;0;0,130416;0,000123;0,000123;0;0;0
ALIMENT117;2,504683;0;0;0;0;0;0;0;0;0;0;0,008835;0;0,008721;0;0;0;0,002941;0,000334;0,000432;0,0268;0,019919;0,012901;0,000224;0;0,0000519;0,0000174;0,000118;0;0;0;0;0;0;0;0,352452;0;0;0;0;0
ALIMENT118;1,23608;0,000627;0,004324;0,004901;0,0000852;0;0;0;0;0,000681;0,003083;0,065373;0;0,065373;0,0000523;0,0000667;0,003533;0,017349;0,000667;0,02051;0,12582;0,072134;0,028626;0,000251;0,01452;0,0000559;0,0000254;0,000258;0,0000302;0,005;0,007569;0,0000098;0,00263;0,0000109;0,000116;0,133156;0;0,000627;0,0000943;0,000015;0
ALIMENT119;0,446;0,0026;0,0024;0;0,0007;0;0;0;0;0,0001;0,0004;0,1005;0,0005;0,1;0,024;0,004193;0,006989;0,025;0,002;0,04;0,11;1,23;0,016;0,0004;0,0275;0,0002;0,0002;0,0016;0,0007;0,005;0,08;0;0,033;0;0,005;0;0;0,0026;0,000132;0,000497;0
ALIMENT12;2,276053;0,189133;0,160495;1,844381;0,015444;0,001056182;0,000212727;0,000560345;0,002726111;0,059497;0,077992;0,010707;0,005105;0,005571;0,001668;0;0;0,244746;0,087386;0,134674;1,083101;1,403298;4,907257;0,020485;0,400676;0,001064;0,003432;0,019859;0,001318;2,1;0,17421;0,027276;0,019374;0,003905;0,003299;0;0,189133;0;0,0000661;0,005054;0,001
ALIMENT120;0,458;0,0038;0,0021;0;0,0008;0;0;0;0;0,0003;0,0003;0,106;0;0,106;0,031;0,006373;0,013656;0,0764;0,0015;0,0695;0,124;1,17;0,0123;0,0012;0,0325;0,0002;0,0003;0,0022;0,0002;0,005;0,0886;0;0,0495;0;0,0053;0;0;0,0038;0,000141;0,000426;0
ALIMENT121;0,441668;0,0083;0,001827;0;0,00013;0;0;0;0;0,00013;0,0000866;0,094368;0;0,094368;0,014866;0,009572;0,005839;0,251116;0,002417;0,094628;0,143935;1,527979;0,032696;0,003604;0,179415;0,000843;0,0004;0,002913;0,000487;0,008;0,296925;0;0,461986;0;0,004157;0;0;0,0083;0,000273;0,000684;0
ALIMENT122;0,327;0,0078;0,0017;0,0015;0,0005;0;0;0;0;0,0002;0,0003;0,059;0;0,059;0,012;0,008039;0,003573;0,232;0,001;0,077;0,138;1,82;0,0262;0,0005;0,236667;0,0004;0,0002;0,0027;0,0004;0,008;0,23;0;0,413;0;0,003;0;0;0,0078;0,0000844;0,000303;0
ALIMENT123;0,881;0,009;0,0022;0;0,0007;0;0;0;0;0,0001;0,0005;0,202;0,038;0,164;0,01;0,006277;0,003587;0,048;0,0032;0,297;0,16;4,13;0,007;0,0016;0,033333;0,0004;0,0007;0,0061;0,0047;0,025;0,27;0;0,117;0;0,0029;0;0;0,009;0,000256;0,000434;0
ALIMENT124;0,692472;0,005928;0,004496;0;0,001356;0;0;0;0;0,000164;0,001456;0,157038;0;0,157038;0,010441;0,003823;0,002852;0,086955;0,003284;0,090323;0,197395;1,961539;0,014049;0,000564;0,019218;0,000536;0,000264;0,00282;0,000892;0;0,138836;0;0,055846;0;0,00592;0;0;0,005928;0,000303;0,000601;0
ALIMENT125;0,665;0,012;0,0027;0;0,0007;0;0;0;0;0,0006;0,0005;0,141;0;0,141;0,017;0,006667;0,005334;0,11;0,003;0,099;0,218;2,15;0,02;0,0007;0,045;0,0003;0,0003;0,004;0,0005;0,005;0,15;0;0,09;0;0,002;0;0;0,012;0,000242;0,000252;0
ALIMENT126;0,341;0,0083;0,0014;0;0,0005;0;0;0;0;0,0001;0,0003;0,073;0,0001;0,0725;0,009;0,001158;0,002895;0,0624;0,002;0,149;0,119;2,37;0,0566;0,0019;0,348333;0,0003;0,0002;0,0051;0,0008;0,005;0,3325;0;0,231;0;0,0011;0;0;0,0083;0,000113;0,0000856;0
ALIMENT127;0,442765;0,009807;0,002348;0;0,000551;0;0;0;0;0,000727;0,00012;0,095632;0,000254;0,09545;0,018817;0,008493;0,006588;0,064118;0,002615;0,088812;0,208493;2,108601;0,013234;0,001138;0,353833;0,000212;0,000364;0,008293;0,000253;0,005;0,076789;0;0,093873;0;0,008273;0;0;0,009807;0,00000714;0,00031;0
ALIMENT128;0,316123;0,007722;0,003727;0;0,001696;0;0;0;0;0,000417;0,000103;0,053699;0,000351;0,053347;0,024695;0,00932;0,021067;0,144688;0,005331;0,130373;0,229795;1,607187;0,012225;0,000927;0,022078;0,000213;0,000365;0,003987;0,000522;0,01;0,639622;0;0,541765;0;0,002184;0;0;0,007722;0,000509;0,000705;0
ALIMENT129;0,497;0,0114;0,0061;0;0,0033;0;0;0;0;0,0006;0,0003;0,088;0,0015;0,0866;0,024;0,010275;0,011417;0,312;0,0034;0,117;0,403;2,67;0,0165;0,0009;0,0375;0,0001;0,0003;0,0038;0,0011;0,005;0,345;0;0,832;0;0,0099;0;0;0,0114;0,000425;0,002386;0
ALIMENT13;3,612669;0,143037;0,314729;1,947971;0,031804;0;0;0;0;0,118306;0,141099;0,039504;0,035844;0,003682;0,005344;0,000153;0,008097;0,232675;0,065702;0,177332;1,418607;1,576318;5,81701;0,027706;20,10734;0,002611;0,008118;0,038637;0,002667;0,1;1,006745;0,069374;0,088307;0,004297;0,003906;0,0000925;0,143037;0;0,009181;0,083281;0,0035
ALIMENT130;0,482427;0,005463;0,002484;0;0,000779;0;0;0;0;0,000305;0,000163;0,104409;0,000314;0,104095;0,016524;0,005436;0,009767;0,199678;0,002515;0,19684;0,113142;1,586383;0,011943;0,0007;0,078621;0,000758;0,000231;0,00352;0,000942;0,005;0,161396;0;0,224627;0;0,002027;0;0;0,005463;0,000313;0,000424;0
ALIMENT131;0,705233;0,002874;0,001585;0;0,00048;0;0;0;0;0,000171;0,000153;0,174486;0,012513;0,161378;0,009741;0,001704;0,00592;0,102803;0,002825;0,061317;0,060298;0,917897;0,020354;0,000604;0,030907;0,000224;0,000368;0,001489;0,000261;0,005;0,042942;0;0,024748;0;0,001376;0;0;0,002874;0,000124;0,000365;0
ALIMENT132;2,366499;0,022928;0,018196;0,000604;0,001504;0;0;0,00023;0,00159;0,001202;0,01303;0,50599;0,033791;0,472046;0,07727;0,067438;0,103213;0,547753;0,02835;0,477972;0,911308;9,198561;0,131221;0,005051;0,549779;0,000644;0,001399;0,018827;0,002994;0,01;0,205364;0;0,024499;0;0,01853;0;0;0,022928;0,001153;0,010231;0
ALIMENT133;0,288822;0,007992;0,00493;0,0000137;0,002383;0;0;0;0;0,001051;0,000753;0,053471;0,002582;0,050546;0,024211;0,010024;0,015913;0,406707;0,00283;0,115431;0,238671;2,518477;1,394147;0,003053;5,495634;0,000507;0,0004;0,007946;0,001355;0,008;0,363913;0;0,04009;0;0,005369;0;0;0,007992;0,0000413;0,000296;0
ALIMENT134;0,226;0,014;0,0029;0;0,0012;0;0;0;0;0,0001;0,0004;0,036;0,001;0,035;0,03;0,007666;0,012545;1,96;0,0357;0,906;0,56;4,66;2,205;0,0072;5,24;0,0009;0,0023;0,0049;0,0024;0,008;1,53;0;0,089;0;0,0133;0;0;0,014;0,000697;0,000139;0
ALIMENT135;0,232;0,031;0,006;0,0049;0,0028;0;0;0;0;0,0007;0,0014;0,014;0;0,014;0,033;0,006426;0,008354;0,489;0,0084;0,114;0,62;2,32;2,205;0,0024;0,585;0,0005;0,0008;0,0063;0,0016;0,008;0,86;0;0,544;0;0,014;0;0;0,031;0,000901;0,000384;0
ALIMENT136;0,231;0,019;0,003;0;0,0016;0;0;0;0;0,0002;0,0006;0,032;0,003;0,029;0,016;0,005006;0,006931;0,36;0,012;0,2;0,56;3,17;2,205;0,0032;0,3875;0,0011;0,0008;0,0061;0,0018;0,005;0,85;0;0,61;0;0,009;0;0;0,019;0,000783;0,00038;0
ALIMENT137;0,181472;0,01283;0,002987;0,001152;0,001602;0;0;0;0;0,000213;0,000431;0,025782;0,000744;0,024889;0,022227;0,011768;0,013947;0,466005;0,003016;0,118014;0,23831;1,496851;1,51529;0,001911;0,146197;0,000546;0,00047;0,003123;0,001282;0,005;0,322299;0;0,297416;0;0,001397;0;0;0,01283;0,000185;0,000174;0
ALIMENT138;0,707;0,052;0,0031;0;0,0014;0;0;0;0;0,0003;0,0006;0,118;0,059;0,059;0,055;0,016601;0,036759;0,419;0,014;0,202;1;2,2;2,36;0,0051;0,391667;0,0026;0,0013;0,0176;0,0014;0,005;0,61;0;0,155;0;0,001;0;0;0,052;0,000252;0,001096;0
ALIMENT139;0,253362;0,013453;0,002773;0,001063;0,001387;0;0;0;0;0,0001;0,000593;0,043599;0,019823;0,023776;0,040265;0,010111;0,013963;0,472791;0,009437;0,118136;0,267527;1,967244;2,215863;0,0024;0,340001;0,00049;0,00079;0,00453;0,00059;0,005;0,399025;0;0,084473;0;0,00203;0;0;0,013453;0,000714;0,000449;0
ALIMENT140;0,114455;0,006678;0,00072;0,002987;0,000332;0;0;0,00061;0,0003;0,0000147;0,000129;0,020344;0,001147;0,019198;0,015612;0,008544;0,008999;0,288908;0,003353;0,232787;0,363368;2,339515;2,205;0,002863;0,479209;0,000444;0,000371;0,004549;0,0008;0,005;0,293625;0;0,068476;0;0,001068;0;0;0,006678;0,000164;0,001209;0
ALIMENT141;0,168;0,024;0,0022;0;0,0009;0;0;0;0;0,0001;0,0005;0,013;0;0,013;0,02;0,00683;0,009106;0,209;0,0091;0,0887;0,54;2,24;2,205;0,0033;0,503333;0,0016;0,0013;0,0108;0,0007;0,005;1,01;0;0,077;0;0,0038;0;0;0,024;0,000199;0,000518;0
ALIMENT142;0,178;0,0184;0,0045;0,0006;0,0022;0;0;0,00015;0,00013;0,0003;0,0007;0,0161;0,002;0,0141;0,022;0,006513;0,007357;0,262;0,0033;0,077;0,32;1,42;2,205;0,0018;0,005833;0,0004;0,0005;0,0041;0,0017;0,005;1,05;0;0,356;0;0,0008;0;0;0,0184;0,001019;0,000302;0
ALIMENT143;0,178354;0,007468;0,000889;0;0,000438;0;0;0;0;0,000113;0,000113;0,035519;0,003601;0,031824;0,019873;0,007306;0,011202;0,479064;0,002022;0,078102;0,279054;1,770985;2,205;0,000878;0,0000529;0,000238;0,000213;0,003173;0,000625;0,005;0,09072;0;0,113081;0;0;0;0;0,007468;0,000292;0,0000838;0
ALIMENT144;0,1;0,006;0,001;0;0,0001;0;0;0;0;0,0001;0,0002;0,026;0,002;0,024;0,016;0,003787;0,006627;0,259;0,01;0,059;0,158;2,23;2,205;0,0014;1,725;0,0003;0,0004;0,0037;0,0004;0,005;0,292;0;0,007;0;0,003;0;0;0,006;0,0000325;0,0000325;0
ALIMENT145;0,18;0,031;0,0018;0;0,0007;0;0;0;0;0,0001;0,0004;0,01;0;0,0099;0,054;0,024909;0,017525;0,495;0,0089;0,308;0,63;3,42;2,205;0,0026;0,088333;0,0003;0,0004;0,01;0,0006;0,005;0,505;0;0,055;0;0,0019;0;0;0,031;0,0000707;0,000401;0
ALIMENT146;0,202;0,008;0,002;0;0,0011;0;0;0;0;0;0,0003;0,038;0,003;0,035;0,024;0,013879;0,012337;0,402;0,005;0,074;0,17;0,87;2,205;0,0016;0,333333;0,0003;0,0002;0,002;0,0011;0,005;0,69;0;0,056;0;0,0078;0;0;0,008;0,000601;0,000404;0
ALIMENT147;0,201;0,0091;0,0033;0;0,0013;0;0;0;0;0,0005;0,0004;0,0307;0,0003;0,0304;0,015;0,006893;0,01034;0,0891;0,004;0,101;0,17;2,89;0,031;0,0012;0,66;0,0005;0,0002;0,0063;0,0008;0,01;0,212;0;0,167;0;0,0101;0;0;0,0091;0,0000574;0,001494;0
ALIMENT148;1,37;0,019;0,139;0;0,0148;0;0;0,00111;0;0,0983;0,0183;0,008;0,0011;0,0066;0,056;0,028603;0,032178;0,107;0,0077;0,271;0,433;4,2;0,0095;0,0048;0,0675;0,0006;0,0013;0,0137;0,0036;0,036;0,793;0;0,113;0;0,0134;0;0;0,019;0,000977;0,014805;0
ALIMENT149;1,04;0,028;0,0095;0,002;0,0047;0;0;0,000476667;0,00468;0,0029;0,0015;0,21;0,137;0,073;0,03;0,011129;0,044518;0,043;0,005;0,19;0,434;1,65;2,47;0,005;0,0975;0,0004;0,0007;0,013;0,0012;0,08;0,297;0;0,0492;0;0,0037;0;0;0,028;0,000148;0,007271;0
ALIMENT15;1,3231;0,0762;0,078;0,2494;0,0089;0,00000333333;0,00000333333;0,00078;0,02586;0,0305;0,0349;0,0649;0,0412;0,0237;0,0095;0;0,002144;0,24;0,009;0,1613;0,749;2,9534;5,4037;0,008;0,163667;0,0019;0,0088;0,0196;0,0023;0,05;0,11;0,0021;0,0899;0,0009;0,0015;0;0,065943;0,010257;0,00017;0,001617;0
ALIMENT150;0,425501;0,019988;0,002397;0,002002;0,000958;0;0;0;0;0,000549;0,000349;0,080878;0,004997;0,075683;0,01998;0,011668;0,013063;0,170149;0,005907;0,162158;0,201728;2,317421;2,188334;0,0028;0,017473;0,0001;0,0002;0,002098;0,0005;0,005;0,379416;0;0,042933;0;0,001713;0;0;0,019988;0,0000507;0,000571;0
ALIMENT151;0,245831;0,009282;0,002199;0;0,001135;0;0;0;0;0,0001;0,000347;0,047205;0,000883;0,046322;0,012701;0,012039;0,015892;0,088375;0,004565;0,101987;0,191574;1,7091;1,953223;0,001282;0,671567;0,000577;0,000347;0,005525;0,002464;0,005;0,185719;0;0,862775;0;0,008772;0;0;0,009282;0,000796;0,001411;0
ALIMENT152;0,128;0,0098;0,0018;0;0,0007;0;0;0;0;0;0,0002;0,018;0,001;0,017;0,012;0,006569;0,026277;0,16;0,0051;0,09;0,36;1,66;0,16;0,0021;1,666667;0,0004;0,0003;0,0038;0,001;0,005;0,33;0;0,36;0;0,0041;0;0;0,0098;0,000963;0,000389;0
ALIMENT153;0,308709;0,009585;0,022054;0,060009;0,009243;0;0;0;0;0,007254;0,003591;0,017918;0,00177;0,015795;0,01266;0,012454;0,010299;0,252155;0,003795;0,124262;0,363314;1,99124;1,027909;0,001913;0,073051;0,000396;0,000416;0,002233;0,000785;0,005;0,173722;0,000181;0,050984;0,000181;0,006551;0;0;0,009585;0,0000024;0,0000359;0
ALIMENT154;0,114974;0,013265;0,002716;0;0,001227;0;0;0;0;0,0000764;0,000632;0,009282;0,001011;0,008153;0,026714;0,008648;0,015674;0,400102;0,00682;0,120368;0,353834;2,449994;1,449297;0,001861;0,488014;0,000458;0,000351;0,002612;0,000159;0,005;0,327606;0;0,037073;0;0,000494;0;0;0,013265;0,000238;0,001405;0
ALIMENT155;0,256768;0,012123;0,001919;0,008961;0,0007;0;0;0,00021;0,00043;0,0002;0,000319;0,047278;0;0,04724;0,014759;0,035803;0,027666;0,256702;0,003776;0,110369;0,387977;1,402124;1,790759;0,001943;0,012906;0,000319;0,0003;0,001357;0,000976;0,005;0,231898;0;0,052406;0;0,001433;0;0;0,012123;0,000172;0,002992;0
ALIMENT156;0,137401;0,016375;0,005895;0,001284;0,002261;0;0;0;0,00188;0,001614;0,001155;0,004074;0,000936;0,003093;0,021833;0,004404;0,019757;0,18488;0,008182;0,095332;0,709347;1,338021;2,099484;0,008944;0,013725;0,000261;0,002335;0,021271;0,000652;0,16;0,236763;0,0000355;0,0213;0;0,001074;0;0;0,016375;0,0000119;0,001904;0
ALIMENT157;0,926;0,071;0,005;0;0,0024;0;0;0;0;0,0001;0,0008;0,149;0,134;0,0128;0,018;0,194219;0,054624;0,987;0,0122;0,207;1,53;4,46;0,134;0,0086;0;0,0016;0,0007;0,005;0,008;0,005;0,04;0;0,197;0;0,0001;0;0;0,071;0,002765;0,030414;0
ALIMENT158;1,054383;0,082474;0,005426;0,002686;0,002512;0;0;0,00126;0;0,000872;0,000844;0,169709;0,157986;0,011625;0,055086;0,013189;0,027488;0,318865;0,028739;0,263668;1,427525;3,581718;2,36;0,009132;0,003582;0,001183;0,000545;0,005327;0,001336;0,02;0,658094;0;0,0142;0;0,002631;0;0;0,082474;0,00032;0,001175;0
ALIMENT16;1,9305;0,1433;0,118;0,4368;0,0141;0;0;0,00392;0;0,0497;0,046;0,0743;0,0645;0,0098;0,0302;0;0,009242;0,3452;0,0238;0,2205;1,1551;3,9458;3,7543;0,0183;0,397058;0,0019;0,0014;0,0268;0,002;0,05;0,3831;0,0071;0,0172;0,0033;0,0039;0;0,108072;0,035228;0,000402;0,003873;0,0025
ALIMENT17;0,969528;0,206062;0,014884;0,677879;0,004567;0,0031052;0,00173992;0,000158571;0,000972353;0,003347;0,002999;0,0000962;0,0000677;0,0000282;0,0000248;0;0;0,262523;0,007349;0,287893;2,063011;3,15149;1,031492;0,005707;0,11308;0,000508;0,001073;0,018133;0,0024;0,07;0,115984;0,017771;0,002611;0,011435;0,007988;0;0,206062;0;0,001994;0,000139;0,0002
ALIMENT18;1,773916;0,238284;0,089397;0,548608;0,028907;0,007765818;0,005002727;0,000586667;0,00093625;0,030717;0,019053;0,002863;0,00028;0,002586;0,000403;0;0;0,373834;0,01198;0,325411;2,422666;3,493745;3,785692;0,005617;1,022628;0,001405;0,001428;0,085752;0,004574;0,06;0,105789;0,051506;0,001751;0,071894;0,0161;0;0,238284;0;0,043846;0,008503;0,00034
ALIMENT19;0,99136;0,177655;0,024517;1,019011;0,004706;0,001303654;0,001540377;0,000285556;0,000412222;0,00921;0,00425;0,013418;0,004147;0,007326;0,00017;0;0;0,79707;0,039345;0,576304;2,166111;2,449489;5,145476;0,040925;0,46072;0,000436;0,001484;0,019838;0,001111;0,04;0,161641;0,055245;0,027815;0,008736;0,020961;0;0,177655;0;0,007174;0,000705;0,0002
ALIMENT2;1,938813;0,24206;0,100835;0,844084;0,014245;0;0,0000330769;0,0017275;0,005014444;0,038929;0,03869;0,012852;0,005621;0,007136;0,002129;0;0;0,181089;0,012095;0,22016;1,938502;3,421033;2,033024;0,032249;0,294456;0,001283;0,002345;0,062779;0,003311;0;0,09742;0,011506;0,005896;0,004569;0,006825;0,000738;0,24206;0;0,000186;0,003083;0,0056
ALIMENT20;2,035267;0,184732;0,097803;0,969791;0,042172;0,00088;0,0005;0,00236;0,07289;0,031188;0,0171;0,103021;0,10019;0,002741;0,006949;0,001048;0,010234;0,307459;0,006696;0,286273;1,347412;1,917987;2,370824;0,006592;0,186826;0,000599;0,000988;0,007055;0,000814;0,05;0,240679;0,015621;0,011656;0,007211;0,029992;0;0,152658;0,032075;0,003318;0,030627;0,00095
ALIMENT21;1,82031;0,107102;0,113921;0,604522;0,033701;0,011602;0,009012;0,00004;0;0,047774;0,0226;0,091353;0,07082;0,020503;0,001848;0,00006;0,002201;0,408655;0,004792;0,179116;1,027837;1,342046;6,739556;0,006762;0,358373;0,000521;0,000996;0,008019;0,000892;0,04;0,131686;0,012562;0,007839;0,008818;0,024801;0;0,104285;0,002817;0,010574;0,019805;0,0015
ALIMENT22;2,760534;0,084738;0,018891;0,001683;0,004809;0;0,00001;0,0014125;0,011585;0,00405;0,003604;0,561694;0,531908;0,029786;0,028842;0,016973;0,034831;0,493081;0,008283;0,215776;0,971578;1,321553;6,868136;0,007595;0;0,000789;0,000553;0,00921;0,000568;0,036;0,25682;0;0;0;0,003;0;0;0,084738;0,000318;0,005817;0,0003
ALIMENT23;2,630848;0,08683;0,024333;0,007358;0,00959;0;0;0,00137;0,01441;0,003543;0,00359;0,513127;0,484921;0,019884;0,039884;0,024277;0,056547;0,593791;0,011111;0,407532;1,280277;1,65623;6,279566;0,010167;0,0017;0,001079;0,000735;0,019286;0,001357;0,036;0,316949;0,001464;0;0;0,007252;0;0;0,08683;0,00037;0,002916;0,0003
ALIMENT24;2,476074;0,082422;0,01803;0;0,006577;0;0,00000181818;0,00799;0,01555;0,00456;0,004438;0,496594;0,484818;0,011776;0,05416;0,014224;0,056262;0,23219;0,018063;0,266051;0,949663;1,187763;7,047331;0,011307;0,001505;0,001397;0,000997;0,011806;0,00111;0,036;0,298059;0;0;0;0,002432;0;0;0,082422;0,00738;0,034453;0,0003
ALIMENT25;3,780867;0,108303;0,060878;0;0,010107;0;0;0;0;0,019201;0,019839;0,697897;0,640165;0,057679;0,055304;0,053719;0,178334;0,419086;0,022948;0,366899;1,451567;1,875141;5,240164;0,014473;0,000298;0,002428;0,001285;0,017524;0,001411;0,037;0,309671;0;0;0,001597;0,01311;0;0;0,108303;0,002046;0,027079;0,0003
ALIMENT26;3,730055;0,088554;0,049057;0,006404;0,009394;0;0,00000204444;0,000946207;0,011392069;0,015838;0,016188;0,731961;0,506256;0,225326;0,060209;0,015222;0,068396;1,110648;0,081079;0,563367;1,92787;3,016799;4,959604;0,012469;0,000101;0,012174;0,013496;0,15158;0,017241;0,01;1,7559;0,008619;0,194844;0,0000986;0,026527;0;0;0,088554;0,000192;0,002836;0
ALIMENT27;0,886628;0,01975;0,012083;0,030501;0,000792;0;0,000000833333;0,00152;0,016815;0,002952;0,007891;0,174685;0,165614;0,009058;0,016906;0,003294;0,005918;0,112733;0,003213;0,216105;0,463382;3,650282;0,36379;0,003059;0,100191;0,00107;0,000277;0,013513;0,002833;0,013;0,094654;0,000123;0,122535;0,000176;0,00071;0;0;0,01975;0,0000569;0,000183;0,00149
ALIMENT28;1,5474;0,0174;0,091;0,0003;0,0422;0;0;0,003693333;0,02165;0,0307;0,0141;0,1647;0,1584;0,0063;0,0175;0,003673;0,008298;0,0682;0,0039;0,2225;0,4051;3,4742;1,9536;0,0028;0,000567;0,001;0,0002;0,013;0,0027;0,01;0,0903;0;0,1181;0;0,0205;0;0;0,0174;0,000491;0,021274;0,00036
ALIMENT29;0,8136;0,0186;0,001;0;0,0004;0,00003;0;0,0063;0,04307;0;0,0003;0,1825;0,1755;0,007;0,0179;0,0000554;0,013857;0,0507;0,0031;0,228;0,4389;3,7788;1,1777;0,003;0;0,0011;0,0002;0,0144;0,003;0,01;0,0997;0;0,1296;0;0,0004;0;0;0,0186;0,000472;0,016197;0,001
ALIMENT3;1,954546;0,251017;0,103838;0,835584;0,009656;0,0000547291;0,00000308458;0,000553759;0,013156328;0,046639;0,037876;0,003607;0;0,003607;0;0;0;0,160444;0,011836;0,271946;2,86752;3,836681;1,195322;0,027366;0,620165;0,006653;0,002723;0,050288;0,003694;0,03;0,116128;0,014983;0,000177;0,000228;0,000494;0;0,251017;0;0,000474;0,011297;0,0007
ALIMENT30;2,238121;0,021113;0,150544;0,000389;0,054474;0;0,00000285714;0,006375714;0,056088571;0,03964;0,018154;0,201882;0,195068;0,006813;0,018419;0,009193;0,007779;0,044443;0,002678;0,211994;0,365722;3,141788;3,888244;0,002478;0;0,0009;0,0002;0,011944;0,002478;0;0,082886;0;0,107752;0;0,036395;0;0;0,021113;0,001266;0,058201;0,00105
ALIMENT31;1,2;0,023;0,0021;0,003;0,0005;0;0;0;0;0,0006;0,0005;0,272;0,269;0,0003;0,004;0,000419;0,002514;0,093;0,002;0,058;0,38;0,31;1,5;0,0026;0;0,0002;0,0001;0,004;0,0005;0,01;0,02;0;0;0;0;0;0;0,023;0,0000125;0,000461;0
ALIMENT32;1,34;0,024;0,009;0;0,0032;0;0,00000333333;0,000095;0,00307;0,0032;0,0018;0,292;0,287;0,0045;0,016;0,004569;0,011423;0,1;0,005;0,44;0,83;0,79;1,5;0,0063;0;0,001;0,0002;0,0133;0,0014;0,01;0,07;0;0;0;0,002;0;0;0,024;0,0000604;0,002229;0
ALIMENT33;1,15;0,0395;0,0058;0;0,0025;0,00001;0;0,00025;0;0,0009;0,0012;0,235;0,231;0,004;0,016;0,004949;0,004428;0,07;0,005;0,2;0,5;0,49;1,6;0,006;0;0,0003;0,0001;0,004;0,0002;0,01;0,04;0;0;0;0,0008;0;0;0,0395;0;0,00011;0
ALIMENT34;0,92;0,052;0,0094;0;0,0037;0;0;0,000375;0,005415;0,0013;0,0017;0,158;0,15;0,008;0,037;0,008428;0,012642;0,228;0,013;0,367;0,86;0,704;1,6;0,01;0,001667;0,0005;0,0012;0,0022;0,0005;0,01;0,05;0;0;0;0,0005;0;0;0,052;0;0,001583;0
ALIMENT35;1,577613;0,059324;0,007274;0,00033;0,00235;0,0000214286;0;0;0;0,001405;0,001535;0,320149;0,317805;0,002343;0,017871;0,005354;0,013584;0,215627;0,008407;0,230504;1,081907;1,095039;1,515236;0,006731;0,0000271;0,0011;0,000376;0,017974;0,001043;0,01;0,247045;0;0;0;0,000687;0;0;0,059324;0,0000334;0,000478;0
ALIMENT36;1,254311;0,057191;0,058026;0,226369;0,008065;0,00000214286;0,0000107143;0,00042;0,003922;0,020888;0,025164;0,124474;0,096118;0,028284;0,015969;0,0000361;0,005989;0,798667;0,012023;0,240556;0,895831;2,326869;3,681624;0,009998;0,73801;0,000559;0,000932;0,009816;0,001177;0,02;0,201792;0,003035;0,049454;0,00077;0,011039;0;0,038714;0,018477;0,000145;0,000955;0
ALIMENT37;2,397432;0,098152;0,129297;0,256117;0,009753;0,0000068;0,0000288;0,002233214;0,02099525;0,065001;0,045519;0,209286;0,193537;0,014533;0,018415;0,001023;0,009265;1,664907;0,009303;0,234414;1,585331;2,537466;4,355441;0,015119;0,768276;0,001233;0,001435;0,012441;0,001297;0,02;0,454987;0,00466;0,048559;0,000686;0,01264;0;0,070831;0,027321;0,000859;0,004572;0,00298
ALIMENT37_1;1,962828;0,090485;0,090721;0,572708;0,012976;0,0000416667;0,00001;0;0;0,028802;0,042719;0,19626;0,180983;0,015277;0,018928;0,000964;0,012271;0,878108;0,014324;0,747963;1,738209;2,436325;3,200641;0,014198;0,635463;0,001923;0,00168;0,021817;0,00203;0,1;0,234247;0,002258;0,018135;0,002536;0,005453;0;0,070988;0,019497;0,000835;0,022797;0,00298
ALIMENT38;0,653481;0,035552;0,036385;0,117778;0,00113;0;0;0;0;0,010895;0,021491;0,04599;0;0,04599;0;0;0;1,172863;0,000502;0,101778;0,842746;1,520897;0,439497;0,003773;0,405601;0,0005;0,001698;0,0012;0,000229;0,018;0,030166;0,002464;0,010813;0,000583;0,000943;0;0,035552;0;0,0001;0,00035;0,0004
ALIMENT39;0,483702;0,039216;0,015831;0,04526;0,0005;0;0;0,00008;0,00055;0,004805;0,00951;0,04601;0;0,04601;0;0;0;1,151558;0,001543;0,115481;0,85565;1,650519;0,492833;0,005038;0,191258;0,0005;0,001795;0,001;0,0002;0,018;0,027992;0,002762;0,013623;0,000121;0,001538;0;0,039216;0;0,00005;0,00015;0,00085
ALIMENT4;2,074889;0,22322;0,129759;0,703438;0,007498;0,0000658333;0,0001905;0,001646392;0,00222732;0,043914;0,063659;0,002551;0,000211;0,00234;0,001466;0;0;0,197293;0,020779;0,249831;1,715274;2,975258;1,151252;0,039352;0,032244;0,001029;0,002273;0,05882;0,002457;0,0118;0,060908;0,018162;0,013715;0,000153;0,001966;0;0,22322;3,2E-17;0,000549;0,005903;0,01236
ALIMENT40;0,313184;0,032872;0,00093;0,024934;0,0000967;0;0;0,00004;0,00027;0,0002;0,0005;0,043358;0;0,043164;0;0;0;1,136247;0,000513;0,107118;0,895299;1,729014;0,420696;0,00408;0,006753;0,000497;0,0016;0,0009;0,000207;0,018;0,028723;0,002756;0,013099;0,000123;0,00000658;0;0,032872;0;0,0000065;0,0000185;0,0004
ALIMENT41;0,831621;0,035465;0,062393;0;0,007536;0;0;0;0;0,006072;0,042266;0,035211;0,020662;0,014098;0,005401;0,00155;0,0027;0,705241;0,013872;0,254295;0,651744;1,51937;0,351096;0,003778;0,092384;0,000517;0,001127;0,003693;0,000709;0,01;0,143354;0,001767;0,002215;0,004296;0,007253;0;0;0,035465;0,000655;0,004145;0
ALIMENT41_1;0,735431;0,038482;0,017803;0,041615;0,000484;0;0,00000142857;0,0000275;0,000285;0,004973;0,009762;0,104841;0,001178;0,103663;0,000252;0;0,00045;1,073725;0,003015;0,144694;0,848789;1,70654;0,492435;0,005357;0,17636;0,000484;0,001684;0,001489;0,0002;0,018;0,026272;0,002484;0,012021;0,0001;0,002831;0;0,038469;0,0000131;0,0000445;0,000134;0,0004
ALIMENT42;0,907615;0,038611;0,031202;0,114704;0,000809;0,0000133333;0;0,00017;0,00138;0,008826;0,019663;0,111878;0;0,111878;0;0;0;1,21326;0,003356;0,124731;0,899511;1,742738;0,488472;0,004699;0,283391;0,00033;0,001845;0,001651;0,000489;0,018;0,211723;0,001796;0,009476;0,000641;0,001117;0;0,038611;0;0,000194;0,000479;0,0002
ALIMENT43;0,69387;0,039017;0,01296;0,043158;0,000228;0;0;0,000065;0,0005725;0,003641;0,008081;0,100457;0;0,100457;0,001404;0;0;1,27862;0,001922;0,121162;0,963277;1,787198;0,53905;0,004307;0,173122;0,000448;0,00195;0,001406;0,000598;0,018;0,13912;0,000751;0,004563;0,000706;0,000626;0;0,039017;0;0;0;0,0002
ALIMENT44;0,473028;0,043356;0,00126;0,005987;0,000134;0;0;0,000014;0,000084;0,000243;0,000603;0,065503;0,000368;0,065135;0,005392;0;0;1,317449;0,001668;0,128883;0,989349;1,699476;0,566272;0,004365;0,144294;0,000822;0,002609;0,002739;0,001164;0,018;0,296484;0,002028;0,006192;0,001391;0,000622;0;0,043356;0;0,0000056;0,0000208;0,0002
ALIMENT45;0,725067;0,038407;0,030677;0,036431;0,001779;0;0;0,00006;0,00029;0,008029;0,019466;0,066832;0;0,064873;0,000359;0;0;1,343553;0,000842;0,123484;1,004952;1,668737;0,485365;0,004556;0,258391;0,0004;0,00205;0,001419;0,000481;0,018;0,204596;0,00218;0,002862;0,000212;0,002569;0;0,038407;0;0,000464;0,001014;0,0002
ALIMENT46;0,489;0,043;0,0268;0;0,0118;0;0;0;0;0,0056;0,0041;0,019;0;0,019;0;0;0,0057;0,314;0,007;0,182;0,573;0,63;0,4;0,0029;0,0025;0,0002;0,0002;0,001;0,0004;0,018;0,262;0;0;0;0,0182;0;0;0,043;0,00135;0,01045;0
ALIMENT47;0,817178;0,027485;0,013129;0,039869;0,000322;0;0;0,00005;0,00022;0,002644;0,009119;0,147876;0;0,147876;0;0;0;0,973;0,001;0,078;0,66;1,12;0,222;0,003;0,086667;0,0002;0,0014;0,0007;0,0003;0,018;0,089;0,0009;0,005;0,005;0,0001;0;0,027485;4,44E-18;0,000075;0,000225;0,0002
ALIMENT48;1,161795;0,072047;0,075602;0,266231;0,001815;0,00002;0,00009;0,00105;0,0061;0,019616;0,048028;0,048074;0;0,048074;0,000106;0,00016;0,000224;1,098923;0,000895;0,101682;1,025172;1,084237;0,357539;0,004079;0,704078;0,000311;0,002421;0,002511;0,000442;0,018;0,258411;0,003675;0,005365;0,001364;0,001721;0;0,072047;0;0,000376;0,001072;0,0002
ALIMENT49;0,771385;0,078472;0,032518;0,169468;0,001096;0;0;0,00011;0,00067;0,009207;0,020493;0,041236;0;0,041236;0;0;0;1,221911;0,001325;0,101578;1,041407;1,237538;0,400875;0,005058;0,304967;0,0003;0,002018;0,001914;0,000404;0,018;0,261055;0,003714;0;0,007869;0,000707;0;0,078472;0;0,00022;0,00066;0,0002
ALIMENT5;1,78997;0,246062;0,085703;0,89183;0,021536;0,000194379;0,0000657062;0,001109556;0,020699023;0,033056;0,024521;0,007524;0,005695;0,001824;0,001124;0;0;0,182122;0,016026;0,254999;2,668087;3,032694;1,47268;0,021022;0,107637;0,001055;0,002077;0,074646;0,00387;0,03;0,092571;0,008662;0,024689;0,00207;0,006749;0;0,246062;2,94E-17;0,00072;0,005884;0,001
ALIMENT50;0,477482;0,072748;0,002345;0,005141;0;0;0;0,00001;0,0001;0,000977;0,000986;0,041252;0;0,041252;0;0;0;1,190269;0,001568;0,116539;1,028843;1,266084;0,424789;0,004904;0,02183;0,000396;0,001995;0,002014;0,000502;0,018;0,2383;0,003877;0,004671;0,001871;0,0000122;0;0,072748;0;0;0;0,0002
ALIMENT51;1,159625;0,083058;0,05897;0,163612;0,001949;0;0;0;0;0,017844;0,037047;0,07407;0,001587;0,072483;0,000106;0;0;1,155342;0,001951;0,098727;1,023433;1,507541;0,418889;0,004526;0,571643;0,000268;0,002501;0,001902;0,000611;0,018;0,240918;0,0042;0,004035;0,005703;0,001495;0;0,083058;0;0,000617;0,001833;0,0002
ALIMENT52;1,390774;0,042089;0,0542;0,115326;0,002703;0,00001;0,000000769231;0,00002;0;0,017007;0,031308;0,183139;0,029301;0,153363;0,010918;0,000232;0,011667;1,046623;0,011912;0,326814;1,099859;2,823567;0,500385;0,006736;0,320929;0,000554;0,001924;0,003656;0,000421;0,015;0,091647;0,002382;0,009947;0,001379;0,002705;0;0,026336;0,015753;0,000447;0,005517;0,0115
ALIMENT53;2,97;0,0225;0,306;0,868;0,0066;0,00000333333;0,00006;0,000766667;0,00542;0,0788;0,195;0,028;0;0,028;0;0;0;0,946;0,0008;0,0928;0,9;1,3;0,307;0,0024;2,010833;0,0002;0,0017;0,0016;0,0003;0,018;0,235;0,0012;0;0,001;0,0074;0;0,0225;0;0,012113;0,030627;0,00796
ALIMENT54;1,72;0,032;0,156;0,635;0,0051;0;0,00000666667;0,00062;0,00433;0,0414;0,0992;0,046;0;0,045;0;0;0;1,03;0,0022;0,095;0,74;1,24;0,41;0,0034;1,9775;0,0004;0,0023;0,0015;0,0004;0,018;0,22;0,0024;0,0005;0,0018;0,0038;0;0,032;0;0,007;0,0178;0,0062
ALIMENT55;3,313082;0,019373;0,299279;0,795391;0,007508;0;0;0;0;0,085466;0,19012;0,13495;0,001593;0,133254;0;0;0;0,646577;0,00115;0,06412;0,58862;0,946791;0,319407;0,004403;2,363671;0,000153;0,001009;0,000651;0,000172;0,018;0,023688;0,001667;0,00698;0,00179;0,006129;0;0,019373;0;0,01674;0,02754;0,0123
ALIMENT56;2,964889;0,205716;0,234873;0,794073;0,006631;0,000006;0,000012;0,00127;0,0079;0,058057;0,15619;0,005927;0;0,005841;0,000142;0;0;4,153769;0,003269;0,190955;3,009919;1,130218;6,968067;0,024535;1,912731;0,00046;0,005234;0,010119;0,001847;0,016;0,803442;0,009954;0,00017;0,00478;0,004361;0;0,205716;0;0,002576;0,004058;0,007
ALIMENT57;3,873211;0,273207;0,308263;1,005535;0,010819;0,00000181818;0,0000181818;0,001095;0,008225;0,084403;0,186316;0,001243;0;0,001243;0,001624;0;0;9,244368;0,003884;0,391825;5,753787;0,930382;4,884405;0,047969;2,261996;0,000436;0,003236;0,000991;0,000736;0,016;0,163924;0,015719;0,000173;0,004584;0,005391;0;0,273207;0;0,003987;0,009004;0,007
ALIMENT58;2,743764;0,114217;0,23025;0,658237;0,006945;0;0;0;0;0,066156;0,146903;0,043828;0;0,043828;0;0;0;2,428917;0,005403;0,188637;6,028006;1,270555;5,861693;0,058257;2,378317;0,000689;0,003857;0,001268;0,000558;0,016;0,086314;0,007153;0;0,001987;0,005256;0;0,114217;1,81E-17;0,009336;0,013494;0,01179
ALIMENT59;2,75;0,306;0,16;0,67;0,004;0;0,00001125;0,00047;0,003376667;0,033;0,096;0,019;0;0,019;0;0;0;10,73;0,002;0,45;6,7;1,1;2,55;0,041;1,163333;0,0005;0,0025;0,0013;0,0009;0,016;0,092;0,0248;0;0,0048;0,0022;0;0,299574;0,006426;0,001397;0,004166;0,005
ALIMENT6;2,560772;0,23644;0,177099;0,630845;0,01913;0,0000122222;0,00000777778;0,00177;0,038365556;0,080654;0,063192;0,005492;0;0,003276;0;0;0;0,13581;0,012561;0,22319;2,173267;3,834444;18,56889;0,019806;0,01763;0,010743;0,002787;0,091056;0,004992;0,033;0,016343;0,005963;0,000114;0,004097;0,002319;0;0,23644;0;0,004208;0,056461;0,00014
ALIMENT60;3,421514;0,078953;0,333145;1,039702;0,010806;0,000006;0,000036;0,00112;0,00699;0,096868;0,207506;0,024538;0,009508;0,01503;0;0;0;0,784324;0,006532;0,088435;1,281919;1,128612;4,930818;0,009366;3,046387;0,000299;0,00213;0,001786;0,000551;0,016;0,11122;0,005324;0,001797;0,001469;0,00426;0;0,078953;0;0,002633;0,007558;0,01173
ALIMENT61;1,629184;0,121503;0,123297;4,000004;0,018537;0,00027125;0,00000625;0,00036;0,01531;0,048918;0,037083;0,008397;0;0,008217;0;0;0;0,646583;0,01778;0,109427;1,79686;1,298639;1,42155;0,009895;1,80111;0,000637;0,004599;0,000605;0,001235;0,25;0,638957;0,012011;0,0000308;0,01772;0,012723;0;0,121503;0;0,003367;0,040217;0,0017
ALIMENT62;1,62;0,106;0,13;3,56;0,0246;0,00049;0;0;0;0,054;0,0363;0,0065;0;0,0065;0;0;0;0,802;0,0177;0,107;1,68;1,2;2;0,0101;1,55;0,0006;0,0034;0,0006;0,0012;0,25;0,43;0,0109;0;0,016;0,0129;0;0,106;0;0,001209;0,016476;0,00709
ALIMENT63;2,566183;0,07724;0,192065;1,003969;0,011586;0,000184;0;0,0009;0,01542;0,056909;0,111324;0,131595;0,110221;0,021295;0,0104;0,001334;0,006592;1,122088;0,007537;0,159863;1,25156;1,623497;3,322644;0,008468;1,515274;0,000888;0,001562;0,008418;0,001074;0,2;0,276973;0,004518;0,023647;0,005903;0,007839;0;0,062644;0,014596;0,001194;0,008478;0,0015
ALIMENT64;7,447691;0,007;0,822023;2,232661;0,030776;0;0;0,00315;0,02166;0,218491;0,560059;0,005746;0;0,005746;0;0;0;0,168611;0,001776;0,039538;0,237515;0,162309;2,078443;0,000749;7,283947;0,0000751;0,0002;0,000301;0,0000249;0;0,022485;0,000149;0;0,011658;0,019577;0;0,007;0;0,0642;0,4412;0,03278
ALIMENT65;3,539478;0,036799;0,355137;0,83;0,020513;0;0;0;0;0,102108;0,205677;0,04916;0,044608;0,004552;0;0;0;0,170409;0,000574;0,042543;0,31;0,382861;3,266158;0,000308;3,003457;0;0;0;0;0;0,003;0;0;0,0002;0,019755;0;0,036799;0;0,1724;0,2676;0,03278
ALIMENT66;7,38095;0,001;0,818793;0;0,214184;0,00001125;0;0,03317;0,213284;0,279637;0,275006;0,002;0;0,002;0;0;0;0,15595;0;0,036128;0,144134;0,149553;1,502581;0,000279;8,135195;0,0000302;0,00016;0,0000603;0,0000302;0;0,004525;0,000272;0;0;0,209207;0;0,001;0;0,3386;2,2014;0,0802
ALIMENT67;5,373457;0,000193;0,595904;0,007384;0,217043;0;0;0,022958;0,19223;0,192751;0,169006;0,001565;0,000774;0,000791;0;0;0;0,088103;0;0;0,08;0,051393;1,173282;0;7,52216;0;0;0;0;0;0;0;0;0;0,276486;0;0;0,000193;1,288;2,932;0,0802
ALIMENT68;3,51;0,017;0,38;0,01;0,0719;0;0;0,01754;0,10371;0,15;0,147;0,006;0,006;0;0;0;0;0,23;0;0,08;2,8;0,8;0,0027;0;8,583333;0;0;0;0;0;0;0;0;0;0,0967;0;0;0,017;0,5908;0,8472;0,0802
ALIMENT69;3,31;0,001;0,35;0,01;0,175;0,00322;0,00314;0,02386;0,14917;0,09;0,08;0,04;0,04;0;0;0;0;0;0;0;0,08;0;0,0027;0;8,583333;0;0;0;0;0;0;0;0;0;0,2;0;0;0,001;0,58;2,92;0,0802
ALIMENT69_1;8,989989;0;0,999008;0,001253;0,327056;0;0;0,064707692;0,181617941;0,517002;0,129913;0;0;0;0;0;0;0,008452;0,001827;0,020375;0,006184;0;0;0,0000502;0;0;0;0;0;0;0;0;0;0;0,287368;0;0;0;0,0214;11,48;0,025
ALIMENT7;1,195531;0,198689;0,04179;0,462296;0,004705;0,00000900901;0,00000279279;0,000408148;0,008810185;0,017844;0,013743;0,006459;0,001303;0,005088;0;0;0;0,091521;0,008347;0,205771;4,080747;2,88481;8,285017;0,02771;0,016292;0,008964;0,002001;0,058983;0,004308;0,033;0,095926;0,003131;0,080228;0,002891;0,001996;0;0,198689;0;0,001332;0,016241;0,00014
ALIMENT70;0,363426;0,007285;0,020683;0,02994;0,004911;0;0;0,00329;0,02542;0,0059;0,008321;0,036774;0,019335;0,017404;0,012562;0;0,004009;0,266735;0,004025;0,092718;0,20849;1,454504;1,10576;0,00149;0,548574;0,000286;0,000237;0,003483;0,000767;0,01;0,233353;0,0000481;0,041822;0,0000293;0,00517;0;0,000668;0,006617;0,0000641;0,000164;0
ALIMENT71;0,6176;0,053423;0,026219;0,191377;0,010485;0;0,00002;0,00009;0,00106;0,008368;0,005168;0,036175;0,027408;0,008763;0,005973;0;0,0018;0,178552;0,004322;0,123549;0,735366;0,984226;2,918785;0,002602;0,445851;0,000273;0,000261;0,01221;0,000895;0,02;0,175012;0,003166;0,02494;0,001049;0,007315;0;0,05274;0,000683;0,000509;0,005498;0
ALIMENT72;0,881602;0,035143;0,05378;0,104112;0,009429;0,000000666667;0,000004;0,008797778;0,057103333;0,026174;0,014867;0,058701;0,01325;0,045419;0,024774;0,000333;0,114667;0,371943;0,013857;0,285819;0,605034;6,823146;5,745549;0,007102;0,935625;0,000748;0,000772;0,016136;0,001932;0,02;0,600571;0,001923;0,096437;0,0000993;0,025432;0;0,026857;0,008286;0,002593;0,017038;0
ALIMENT73;4,920525;0,008183;0,533916;0,001158;0,199725;0,0000121818;0,00000277778;0,017676;0,111278;0,251754;0,066721;0,008422;0,003202;0,005204;0,003446;0,006233;0,011367;0,178071;0,006557;0,198791;0,455484;0,562801;7,442942;0,001694;0,00171;0,0000878;0,0000371;0,000571;0,000108;0,005;0,021636;0;0,002146;0;0,17173;0;0;0,008183;0,070679;1,546432;0,0008
ALIMENT74;5,221132;0,012929;0,531087;0,602539;0,241783;0,00001625;0,00000125;0,00039;0,001845;0,181935;0,08412;0,090856;0,056257;0,034529;0,005006;0,0006;0,028667;0,239636;0,008067;0,124094;0,329314;0,734649;5,488901;0,002278;0,355613;0,000231;0,000536;0,00215;0,00062;0,01;0,185558;0,001891;0,023315;0,001869;0,122019;0;0,00841;0,004518;0,028206;1,183021;0,00078
ALIMENT75;7,044398;0,012124;0,763736;0,695795;0,349944;0;0;0;0;0,261269;0,119723;0,029481;0,011494;0,017893;0,001231;0,0051;0,0199;0,136024;0,004083;0,072167;0,353824;0,19528;4,734478;0,002084;0,221521;0,000195;0,000389;0,000189;0,0002;0,01;0,126557;0,002195;0,000379;0,002179;0,166654;0;0,009878;0,002247;0,117076;5,332096;0,00187
ALIMENT76;1,07;0,017;0,0029;0;0,0011;0;0;0;0;0,0002;0,0004;0,244;0,061;0,183;0,016;0,08;0,24;0,21;0,0084;0,199;0,367;4,89;11,2;0,0015;0,466667;0,0035;0,0019;0,014;0,0014;0,005;0,067;0;0,07;0;0,0146;0;0;0,017;0,0122;0,0212;0
ALIMENT77;1,75;0,06;0,148;0,0035;0,0488;0;0;0,00427;0,02937;0,0807;0,0098;0,045;0,017;0,028;0,024;0,17;0,31;0,951;0,0332;0,77;3,14;2,29;22,9;0,0139;0;0,0005;0,0002;0,0046;0,0007;0;0,18;0;0;0;0,003;0;0;0,06;0,144;0,6732;0,00009
ALIMENT78;2,351397;0,00454;0,002154;0;0,001075;0;0;0;0;0,000473;0,000071;0,58186;0;0,58186;0,008142;0,024;0,076;0,172028;0,004692;0,051874;0,142726;0,833153;0,161302;0,000499;0,034548;0;0,00024;0,001154;0,000591;0;0,076055;0;0,132935;0;0,000497;0;0;0,00454;0;0;0
ALIMENT79;5,1;0,0528;0,289;0,022;0,047;0;0;0;0;0,157;0,0702;0,571;0,006;0,565;0,04;0;0,8;0,948;0,01;0,59;1,72;4,41;0,449;0,0087;0,000417;0,0003;0,0025;0,016;0,0006;0,04;0,14;0,0026;0;0;0,066;0;0,0299;0,0229;0,03008;0,8836;0,01
ALIMENT8;3,853281;0,227675;0,323016;0,881292;0,038445;0;0;0;0;0,145508;0,119336;0,009217;0,008539;0,000714;0;0;0;0,333403;0,015712;0,245289;1,985842;4,02386;16,40947;0,025658;0;0,006755;0,002582;0,059462;0,004548;0,033;0,107085;0,012077;0;0,000585;0,002501;0;0,227675;0;0,007877;0,096457;0,00091
ALIMENT80;4,115015;0,061161;0,23352;0,629273;0,01075;0,0000339286;0,0000285714;0,003017143;0,02845;0,062599;0,154266;0,442153;0,315285;0,126868;0,024966;0,005441;0,026919;0,32388;0,018847;0,226458;0,854067;1,389963;1,119206;0,006663;1,745378;0,000831;0,000963;0,008624;0,000937;0,02;0,39465;0,000472;0,001061;0,005991;0,006767;0;0,001311;0,05985;0,001258;0,011137;0,004
ALIMENT81;2,683611;0,047965;0,127005;0,894679;0,006842;0,000085;0,000005;0;0;0,037013;0,07623;0,329746;0,12951;0,199614;0,010505;0,00115;0,005833;0,441918;0,011484;0,182428;0,773618;1,446518;0,913241;0,005468;1,065089;0,000391;0,001277;0,00371;0,000561;0,04;0,200645;0,002478;0,004311;0,004929;0,005152;0,003865;0,031716;0,016248;0,000633;0,005808;0,012
ALIMENT82;3,5705;0,077907;0,201594;1,323803;0,0118;0,0000133333;0;0;0;0,055401;0,125999;0,361094;0,29599;0,065088;0,018291;0,008432;0,032995;0,300005;0,010893;0,157996;1,03591;1,2852;1,9002;0,010793;1,899817;0,001494;0,001991;0,010193;0,001103;0,04;0,687301;0,002704;0,0005;0,006698;0,007303;0;0,031896;0,046011;0,002306;0,021024;0,005
ALIMENT83;4,652524;0,058109;0,207006;0,118671;0,059939;0;0;0;0;0,067917;0,071699;0,636062;0,308761;0,327234;0,039266;0,006839;0,054711;0,537936;0,023044;0,431377;1,111671;2,457092;0,676553;0,009354;0,208011;0,000905;0,000926;0,006376;0,000995;0,01;0,170369;0,000748;0,00585;0,002659;0,030642;0;0,011275;0,046834;0,001421;0,015082;0,0027
ALIMENT84;4,423167;0,071144;0,172326;0,54571;0,014714;0;0;0,00263;0,02375;0,05317;0,097304;0,647534;0,411758;0,235773;0,028309;0,013283;0,038585;0,659611;0,015528;0,3589;1,208275;1,547148;2,082893;0,007021;1,058131;0,002196;0,000874;0,0091;0,001487;0,03;0,339841;0,002935;0,001256;0,002735;0,018545;0;0,015333;0,055812;0,004187;0,136497;0,0017
ALIMENT85;3,87999;0,067369;0,097219;0,379976;0,02409;0;0;0;0;0,046647;0,024944;0,680499;0,301661;0,378828;0,020758;0,004107;0,045999;0,597742;0,008872;0,184174;0,970544;1,445584;0,325538;0,007597;0,346105;0,000862;0,001199;0,005361;0,001079;0,02;0,269236;0,001847;0,02697;0,002153;0,018624;0;0,034005;0,033364;0,00109;0,009017;0,0017
ALIMENT86;4,056365;0,057288;0,216018;1,186136;0,011133;0,0000333333;0,000005;0,01022;0,06911;0,058631;0,139444;0,468902;0,187638;0,281216;0,012631;0,004313;0,012461;0,276824;0,009371;0,132782;0,810559;1,196363;0,725794;0,005238;2,002078;0,004411;0,001514;0,005646;0,000947;0,06;0,552971;0,00211;0,001842;0,006106;0,007125;0;0,01953;0,037758;0,001564;0,012428;0,0067
ALIMENT87;4,226484;0,060024;0,238925;1,145923;0,016532;0,0000166667;0;0,00454;0,03918;0,068469;0,144999;0,458459;0,087119;0,371331;0,02489;0,000985;0,022171;0,473682;0,032666;0,319367;1,113341;1,657169;1,045269;0,007748;1,559918;0,005821;0,001848;0,006175;0,001002;0,05;0,685031;0,002278;0,000858;0,011354;0,008371;0;0,03185;0,028175;0,001107;0,009742;0,01318
ALIMENT88;2,112752;0,030162;0,094395;0,395862;0,005115;0,0000128571;0,000000714286;0;0;0,025014;0,060964;0,283629;0,147897;0,135722;0,016255;0,002371;0,003018;0,193069;0,00537;0,092755;0,396053;1,103285;0,648346;0,00282;0,845275;0,0004;0,000535;0,003204;0,000602;0,01;0,139075;0,000664;0,019918;0,001945;0,00463;0;0,016809;0,013354;0,000291;0,001896;0,0015
ALIMENT89;1,386739;0,048477;0,040427;0,55489;0,002877;0,00006;0,00001;0;0;0,012469;0,021255;0,206452;0,039252;0,167198;0,001916;0,000257;0,000742;0,877517;0,003847;0,103066;0,84184;1,313829;0,532815;0,004866;0,473433;0,00046;0,001883;0,001215;0,000364;0,05;0,134382;0,003147;0,007729;0,002555;0,002638;0;0,048477;0;0,000197;0,001918;0,0025
ALIMENT9;3,179961;0,174954;0,265425;0,682102;0,027204;0,00001875;0,00000770833;0,00194625;0,042004167;0,115472;0,108304;0,020089;0,010402;0,009687;0,003965;0;0;0,215703;0,013581;0,164913;1,480234;4,204045;9,090119;0,022742;0,226209;0,00339;0,01411;0,038762;0,002389;0,033;0,055616;0,009579;0,002591;0,004284;0,006312;0;0,174954;0;0,002971;0,032984;0,003
ALIMENT90;1,916879;0,044225;0,087004;1,051833;0,005087;0,00007;0,00001;0;0;0,028009;0,046804;0,239386;0,000802;0,238536;0;0;0;0,811393;0,004873;0,088271;0,861876;1,174849;0,472506;0,005233;0,888868;0,000419;0,001896;0,000719;0,000371;0,03;0,186829;0,004041;0,006043;0,004089;0,004845;0;0,044225;0;0,000223;0,00226;0,0113
ALIMENT91;2,311566;0,062851;0,106761;0,626295;0,025129;0;0;0;0;0,033005;0,042198;0,266753;0,181831;0,084922;0,010077;0,003687;0,008746;0,638038;0,006779;0,136716;0,92543;1,36134;1,058623;0,006092;0,654448;0,002183;0,001716;0,00412;0,000722;0,05;0,330537;0,002725;0,005563;0,003033;0,013226;0;0,029854;0,032997;0,000423;0,015475;0,002
ALIMENT92;1,932179;0,035476;0,089346;0,905932;0,006891;0,00000137931;0,00000206897;0,00003;0,00143;0,032586;0,042871;0,245631;0,015106;0,230008;0,011198;0;0,011995;0,595412;0,008579;0,223417;0,875569;1,95723;0,517742;0,005746;0,637613;0,000463;0,001243;0,003198;0,000509;0;0,235183;0,00317;0,042671;0,002755;0,010056;0;0,03497;0,000507;0,000602;0,001632;0,0018
ALIMENT93;5,19873;0,067677;0,321957;0,229488;0,014398;0;0,000002;0,00081;0,01082;0,122582;0,170658;0,506517;0,028177;0,477178;0,048882;0,014405;0,124847;1,415756;0,057973;0,794388;1,77575;3,694086;0,638026;0,01329;0,31297;0,000945;0,002256;0,005773;0,001227;0,03;0,220424;0,00129;0,001743;0,011401;0,026137;0;0,04544;0,022237;0,004482;0,053353;0,00079
ALIMENT94;4,9072;0,057875;0,251736;0,070841;0,019105;0;0;0;0;0,07605;0,142068;0,603964;0,058626;0,490159;0,018025;0,001254;0,041142;1,110824;0,020262;0,289314;1,616705;1,051766;1,709684;0,007604;0,126897;0,000502;0,001924;0,001929;0,000697;0,02;0,055258;0,003562;0,005066;0,001221;0,031555;0;0,034526;0,02335;0,002634;0,028775;0,00099
ALIMENT95;4,169539;0,053893;0,129567;0,007411;0,013326;0,00000133333;0,000002;0,00278;0,04002;0,037541;0,066736;0,696493;0,397818;0,296551;0,0396;0,019925;0,091047;0,807654;0,029165;0,368413;1,153136;2,02624;2,737586;0,007406;0,080949;0,003964;0,003674;0,034993;0,009491;0,01;0,911335;0,001253;0,003328;0,00155;0,021591;0;0;0,053893;0,001993;0,028449;0
ALIMENT96;3,511669;0,024566;0,055984;0,005742;0,004818;0;0,00000037037;0,0003975;0,00458;0,017122;0,030391;0,731465;0,012212;0,715192;0,00565;0;0,010956;0,283851;0,005805;0,122786;0,478751;1,212574;0,56302;0,001959;0,000852;0,000123;0,000697;0,001338;0,000094;0;0,022357;0;0,000486;0;0,011969;0;0,020004;0,004562;0;0;0,00029
ALIMENT98;5,215495;0,067915;0,325097;0;0,077571;0;0,0000108696;0,002377778;0,10508875;0,17046;0,0577;0,510041;0,489839;0,009833;0,038881;0,086771;0,070703;0,443651;0,015576;0,630819;1,649046;10,19649;6,85703;0,013948;0;0,001164;0,000761;0,037243;0,002565;0,001;0,448054;0,000491;0,201031;0;0,048593;0;0;0,067915;0,001498;0,137156;0,00084
ALIMENT99;3,53;0,112;0,046;0;0,0229;0;0;0,00062;0,024773333;0,0113;0,0066;0,666;0,544;0,0087;0,112;0;0,147471;0,09;0,0294;1,32;3,2;3,1;0,04;0,0324;0,074167;0,0015;0,001;0,0225;0,002;0,08;0,23;0;0;0;0,0012;0;0;0,112;0,000515;0,028701;0,026
